"LabelValue","Name","Color_R","Color_G","Color_B","Color_A","Category_CodingScheme","Category_CodeValue","Category_CodeMeaning","Type_CodingScheme","Type_CodeValue","Type_CodeMeaning","TypeModifier_CodingScheme","TypeModifier_CodeValue","TypeModifier_CodeMeaning","Region_CodingScheme","Region_CodeValue","Region_CodeMeaning","RegionModifier_CodingScheme","RegionModifier_CodeValue","RegionModifier_CodeMeaning"
0,"Background",0,0,0,0,"","","","","","","","","","","","","","",""
1,"spleen",166,179,191,255,"","","","","","","","","","","","","","",""
2,"kidney_right",166,179,191,255,"","","","","","","","","","","","","","",""
3,"kidney_left",166,179,191,255,"","","","","","","","","","","","","","",""
4,"gallbladder",166,179,191,255,"","","","","","","","","","","","","","",""
5,"liver",166,179,191,255,"","","","","","","","","","","","","","",""
6,"stomach",166,179,191,255,"","","","","","","","","","","","","","",""
7,"pancreas",166,179,191,255,"","","","","","","","","","","","","","",""
8,"adrenal_gland_right",166,179,191,255,"","","","","","","","","","","","","","",""
9,"adrenal_gland_left",166,179,191,255,"","","","","","","","","","","","","","",""
10,"lung_upper_lobe_left",166,179,191,255,"","","","","","","","","","","","","","",""
11,"lung_lower_lobe_left",166,179,191,255,"","","","","","","","","","","","","","",""
12,"lung_upper_lobe_right",166,179,191,255,"","","","","","","","","","","","","","",""
13,"lung_middle_lobe_right",166,179,191,255,"","","","","","","","","","","","","","",""
14,"lung_lower_lobe_right",166,179,191,255,"","","","","","","","","","","","","","",""
15,"esophagus",166,179,191,255,"","","","","","","","","","","","","","",""
16,"trachea",166,179,191,255,"","","","","","","","","","","","","","",""
17,"thyroid_gland",166,179,191,255,"","","","","","","","","","","","","","",""
18,"small_bowel",166,179,191,255,"","","","","","","","","","","","","","",""
19,"duodenum",166,179,191,255,"","","","","","","","","","","","","","",""
20,"colon",166,179,191,255,"","","","","","","","","","","","","","",""
21,"urinary_bladder",166,179,191,255,"","","","","","","","","","","","","","",""
22,"prostate",166,179,191,255,"","","","","","","","","","","","","","",""
23,"kidney_cyst_left",166,179,191,255,"","","","","","","","","","","","","","",""
24,"kidney_cyst_right",166,179,191,255,"","","","","","","","","","","","","","",""
25,"sacrum",166,179,191,255,"","","","","","","","","","","","","","",""
26,"vertebrae_S1",166,179,191,255,"","","","","","","","","","","","","","",""
27,"vertebrae_L5",166,179,191,255,"","","","","","","","","","","","","","",""
28,"vertebrae_L4",166,179,191,255,"","","","","","","","","","","","","","",""
29,"vertebrae_L3",166,179,191,255,"","","","","","","","","","","","","","",""
30,"vertebrae_L2",166,179,191,255,"","","","","","","","","","","","","","",""
31,"vertebrae_L1",166,179,191,255,"","","","","","","","","","","","","","",""
32,"vertebrae_T12",166,179,191,255,"","","","","","","","","","","","","","",""
33,"vertebrae_T11",166,179,191,255,"","","","","","","","","","","","","","",""
34,"vertebrae_T10",166,179,191,255,"","","","","","","","","","","","","","",""
35,"vertebrae_T9",166,179,191,255,"","","","","","","","","","","","","","",""
36,"vertebrae_T8",166,179,191,255,"","","","","","","","","","","","","","",""
37,"vertebrae_T7",166,179,191,255,"","","","","","","","","","","","","","",""
38,"vertebrae_T6",166,179,191,255,"","","","","","","","","","","","","","",""
39,"vertebrae_T5",166,179,191,255,"","","","","","","","","","","","","","",""
40,"vertebrae_T4",166,179,191,255,"","","","","","","","","","","","","","",""
41,"vertebrae_T3",166,179,191,255,"","","","","","","","","","","","","","",""
42,"vertebrae_T2",166,179,191,255,"","","","","","","","","","","","","","",""
43,"vertebrae_T1",166,179,191,255,"","","","","","","","","","","","","","",""
44,"vertebrae_C7",166,179,191,255,"","","","","","","","","","","","","","",""
45,"vertebrae_C6",166,179,191,255,"","","","","","","","","","","","","","",""
46,"vertebrae_C5",166,179,191,255,"","","","","","","","","","","","","","",""
47,"vertebrae_C4",166,179,191,255,"","","","","","","","","","","","","","",""
48,"vertebrae_C3",166,179,191,255,"","","","","","","","","","","","","","",""
49,"vertebrae_C2",166,179,191,255,"","","","","","","","","","","","","","",""
50,"vertebrae_C1",166,179,191,255,"","","","","","","","","","","","","","",""
51,"heart",166,179,191,255,"","","","","","","","","","","","","","",""
52,"aorta",166,179,191,255,"","","","","","","","","","","","","","",""
53,"pulmonary_vein",166,179,191,255,"","","","","","","","","","","","","","",""
54,"brachiocephalic_trunk",166,179,191,255,"","","","","","","","","","","","","","",""
55,"subclavian_artery_right",166,179,191,255,"","","","","","","","","","","","","","",""
56,"subclavian_artery_left",166,179,191,255,"","","","","","","","","","","","","","",""
57,"common_carotid_artery_right",166,179,191,255,"","","","","","","","","","","","","","",""
58,"common_carotid_artery_left",166,179,191,255,"","","","","","","","","","","","","","",""
59,"brachiocephalic_vein_left",166,179,191,255,"","","","","","","","","","","","","","",""
60,"brachiocephalic_vein_right",166,179,191,255,"","","","","","","","","","","","","","",""
61,"atrial_appendage_left",166,179,191,255,"","","","","","","","","","","","","","",""
62,"superior_vena_cava",166,179,191,255,"","","","","","","","","","","","","","",""
63,"inferior_vena_cava",166,179,191,255,"","","","","","","","","","","","","","",""
64,"portal_vein_and_splenic_vein",166,179,191,255,"","","","","","","","","","","","","","",""
65,"iliac_artery_left",166,179,191,255,"","","","","","","","","","","","","","",""
66,"iliac_artery_right",166,179,191,255,"","","","","","","","","","","","","","",""
67,"iliac_vena_left",166,179,191,255,"","","","","","","","","","","","","","",""
68,"iliac_vena_right",166,179,191,255,"","","","","","","","","","","","","","",""
69,"humerus_left",166,179,191,255,"","","","","","","","","","","","","","",""
70,"humerus_right",166,179,191,255,"","","","","","","","","","","","","","",""
71,"scapula_left",166,179,191,255,"","","","","","","","","","","","","","",""
72,"scapula_right",166,179,191,255,"","","","","","","","","","","","","","",""
73,"clavicula_left",166,179,191,255,"","","","","","","","","","","","","","",""
74,"clavicula_right",166,179,191,255,"","","","","","","","","","","","","","",""
75,"femur_left",166,179,191,255,"","","","","","","","","","","","","","",""
76,"femur_right",166,179,191,255,"","","","","","","","","","","","","","",""
77,"hip_left",166,179,191,255,"","","","","","","","","","","","","","",""
78,"hip_right",166,179,191,255,"","","","","","","","","","","","","","",""
79,"spinal_cord",166,179,191,255,"","","","","","","","","","","","","","",""
80,"gluteus_maximus_left",166,179,191,255,"","","","","","","","","","","","","","",""
81,"gluteus_maximus_right",166,179,191,255,"","","","","","","","","","","","","","",""
82,"gluteus_medius_left",166,179,191,255,"","","","","","","","","","","","","","",""
83,"gluteus_medius_right",166,179,191,255,"","","","","","","","","","","","","","",""
84,"gluteus_minimus_left",166,179,191,255,"","","","","","","","","","","","","","",""
85,"gluteus_minimus_right",166,179,191,255,"","","","","","","","","","","","","","",""
86,"autochthon_left",166,179,191,255,"","","","","","","","","","","","","","",""
87,"autochthon_right",166,179,191,255,"","","","","","","","","","","","","","",""
88,"iliopsoas_left",166,179,191,255,"","","","","","","","","","","","","","",""
89,"iliopsoas_right",166,179,191,255,"","","","","","","","","","","","","","",""
90,"brain",166,179,191,255,"","","","","","","","","","","","","","",""
91,"skull",166,179,191,255,"","","","","","","","","","","","","","",""
92,"rib_left_1",166,179,191,255,"","","","","","","","","","","","","","",""
93,"rib_left_2",166,179,191,255,"","","","","","","","","","","","","","",""
94,"rib_left_3",166,179,191,255,"","","","","","","","","","","","","","",""
95,"rib_left_4",166,179,191,255,"","","","","","","","","","","","","","",""
96,"rib_left_5",166,179,191,255,"","","","","","","","","","","","","","",""
97,"rib_left_6",166,179,191,255,"","","","","","","","","","","","","","",""
98,"rib_left_7",166,179,191,255,"","","","","","","","","","","","","","",""
99,"rib_left_8",166,179,191,255,"","","","","","","","","","","","","","",""
100,"rib_left_9",166,179,191,255,"","","","","","","","","","","","","","",""
101,"rib_left_10",166,179,191,255,"","","","","","","","","","","","","","",""
102,"rib_left_11",166,179,191,255,"","","","","","","","","","","","","","",""
103,"rib_left_12",166,179,191,255,"","","","","","","","","","","","","","",""
104,"rib_right_1",166,179,191,255,"","","","","","","","","","","","","","",""
105,"rib_right_2",166,179,191,255,"","","","","","","","","","","","","","",""
106,"rib_right_3",166,179,191,255,"","","","","","","","","","","","","","",""
107,"rib_right_4",166,179,191,255,"","","","","","","","","","","","","","",""
108,"rib_right_5",166,179,191,255,"","","","","","","","","","","","","","",""
109,"rib_right_6",166,179,191,255,"","","","","","","","","","","","","","",""
110,"rib_right_7",166,179,191,255,"","","","","","","","","","","","","","",""
111,"rib_right_8",166,179,191,255,"","","","","","","","","","","","","","",""
112,"rib_right_9",166,179,191,255,"","","","","","","","","","","","","","",""
113,"rib_right_10",166,179,191,255,"","","","","","","","","","","","","","",""
114,"rib_right_11",166,179,191,255,"","","","","","","","","","","","","","",""
115,"rib_right_12",166,179,191,255,"","","","","","","","","","","","","","",""
116,"sternum",166,179,191,255,"","","","","","","","","","","","","","",""
117,"costal_cartilages",166,179,191,255,"","","","","","","","","","","","","","",""
